-- Copiando dados para a tabela mindra.users: ~4 rows (aproximadamente)
INSERT INTO `users` (`id`, `nome`, `email`, `cpf`, `rg`, `data_nascimento`, `telefone`, `sexo`, `end_cep`, `end_cidade`, `end_uf`, `end_logradouro`, `end_numero`, `end_bairro`, `end_complemento`, `email_verified_at`, `password`, `menu_aberto`, `remember_token`, `created_at`, `updated_at`) VALUES
	(2, 'Consultor A', 'a@email.com', '112', NULL, '2000-10-10', '43999999999', 'M', '', NULL, NULL, NULL, NULL, NULL, NULL, NULL, '$2y$12$de4YElDnzT4d/AzIqBT1nukzWw7sSA6XvVkABPTLWsf2dLqz/qQPC', 'N', NULL, '2025-05-12 19:01:02', '2025-05-12 19:01:02'),
	(3, 'Consultor B', 'b@email.com', '113', NULL, '2001-01-01', '43999999999', 'M', '', NULL, NULL, NULL, NULL, NULL, NULL, NULL, '$2y$12$BySD7xxLBtdnQ6iyUK62du00lG8chBuH4yXk0uP5GI64DwijA7wtq', 'N', NULL, '2025-05-12 19:01:52', '2025-05-13 11:21:15');

-- Copiando dados para a tabela mindra.role_user: ~4 rows (aproximadamente)
INSERT INTO `role_user` (`id`, `role_id`, `user_id`, `status`, `created_at`, `updated_at`) VALUES
	(2, 2, 2, 'A', '2025-05-12 19:01:02', '2025-05-12 19:01:02'),
	(3, 2, 3, 'A', '2025-05-12 19:01:52', '2025-05-13 11:29:08');
	
-- Copiando dados para a tabela mindra.empresas: ~2 rows (aproximadamente)
INSERT INTO `empresas` (`id`, `nome`, `cnpj`, `responsavel_nome`, `responsavel_telefone`, `email`, `telefone`, `num_contrato`, `inscricao_estadual`, `atividade_principal`, `site`, `data_abertura`, `qtd_funcionario`, `end_cep`, `end_cidade`, `end_uf`, `end_logradouro`, `end_numero`, `end_bairro`, `end_complemento`, `status`, `empresa_created`, `empresa_updated`, `created_at`, `updated_at`) VALUES
	(1, 'EMPRESA A', '33087156016376', NULL, '', NULL, '', NULL, NULL, '********', NULL, '1967-11-06', 0, '60020030', 'FORTALEZA', 'CE', 'RUA GENERAL SAMPAIO', '1065', 'CENTRO', NULL, 'A', 1, 1, '2025-05-12 19:02:36', '2025-05-12 20:04:53'),
	(2, 'EMPRESA B', '45543915000181', 'STEPHANE SAMUEL MAQUAIRE', '', 'atendimento_fiscalizacao_tributos@carrefour.com', '1199999999', NULL, NULL, 'Comércio varejista de mercadorias em geral, com predominância de produtos alimentícios - hipermercados', NULL, '1974-06-21', 0, '06460020', 'BARUERI', 'SP', 'AV TUCUNARE', '125', 'TAMBORE', 'BLOCO C SALA 1 C101', 'A', 1, 1, '2025-05-12 19:03:46', '2025-05-12 19:03:46');
	
	
-- Copiando dados para a tabela mindra.consultors: ~2 rows (aproximadamente)
INSERT INTO `consultors` (`id`, `user_id`, `created_at`, `updated_at`) VALUES
	(1, 2, '2025-05-12 19:01:02', '2025-05-12 19:01:02'),
	(2, 3, '2025-05-12 19:01:52', '2025-05-12 19:01:52');


-- Copiando dados para a tabela mindra.consultor_empresas: ~2 rows (aproximadamente)
INSERT INTO `consultor_empresas` (`id`, `consultor_id`, `empresa_id`, `status`, `created_at`, `updated_at`) VALUES
	(1, 1, 1, 'A', '2025-05-12 19:02:56', '2025-05-13 11:46:44'),
	(2, 2, 2, 'A', '2025-05-12 19:03:55', '2025-05-13 11:29:31');


-- Copiando dados para a tabela mindra.respostas: ~2 rows (aproximadamente)
INSERT INTO `respostas` (`id`, `titulo`, `descricao`, `created_at`, `updated_at`) VALUES
	(1, 'Representatividade - com 5 indicadores', NULL, NULL, NULL),
	(2, 'Representatividade - com 4 indicadores', NULL, NULL, NULL),
	(3, 'Representatividade - HSE', NULL, NULL, NULL);

-- Copiando dados para a tabela mindra.resposta_indicadors: ~9 rows (aproximadamente)
INSERT INTO `resposta_indicadors` (`id`, `resposta_id`, `titulo`, `indicador`, `ordem`, `created_at`, `updated_at`) VALUES
	(1, 1, 'Não me representa', 2, 1, NULL, NULL),
	(2, 1, 'Pouco me representa', 4, 2, NULL, NULL),
	(3, 1, 'Neutro', 0, 3, NULL, NULL),
	(4, 1, ' Parte me representa', 8, 4, NULL, NULL),
	(7, 1, 'Me representa', 16, 5, NULL, NULL),
	
	(8, 2, 'Não me representa', 1, 1, NULL, NULL),
	(9, 2, 'Pouco me representa', 2, 2, NULL, NULL),
	(10, 2, 'Parte me representa', 3, 3, NULL, NULL),
	(11, 2, 'Me representa', 4, 4, NULL, NULL),
		
	(12, 3, 'Nunca', 1, 1, NULL, NULL),
	(13, 3, 'Raramente', 2, 2, NULL, NULL),	
	(14, 3, 'Às vezes', 3, 3, NULL, NULL),
	(15, 3, 'Frequentemente', 4, 4, NULL, NULL),		
	(16, 3, 'Sempre', 5, 5, NULL, NULL);
		

-- Copiando dados para a tabela mindra.formularios: ~2 rows (aproximadamente)
INSERT INTO `formularios` (`id`, `resposta_id`, `titulo`, `descricao`, `visivel_formulario`, `visivel_report`, `status`, `created_at`, `updated_at`) VALUES
	(1, 1, 'MFP - Mapeamento de Forças Pessoais', NULL, 'S', 'S', 'A', NULL, NULL),
	(2, 2, 'DISC', 'Avalição de perfil comportamental', 'S', 'S', 'A', NULL, NULL),
	(3, 3, 'HSE', NULL, 'N', 'S', 'A', NULL, NULL);
	(3, 3, 'HSE', '', NULL, NULL);

-- Copiando dados para a tabela mindra.formulario_etapas: ~21 rows (aproximadamente)
INSERT INTO `formulario_etapas` (`id`, `formulario_id`, `titulo`, `descricao`, `ordem`, `created_at`, `updated_at`) VALUES
	(1, 1, NULL, NULL, 1, NULL, NULL),
	(2, 2, '1', NULL, 1, NULL, NULL),
	(3, 2, '2', NULL, 2, NULL, NULL),
	(4, 2, '3', NULL, 3, NULL, NULL),
	(5, 2, '4', NULL, 4, NULL, NULL),
	(6, 2, '5', NULL, 5, NULL, NULL),
	(7, 2, '6', NULL, 6, NULL, NULL),
	(8, 2, '7', NULL, 7, NULL, NULL),
	(9, 2, '8', NULL, 8, NULL, NULL),
	(10, 2, '9', NULL, 9, NULL, NULL),
	(11, 2, '10', NULL, 10, NULL, NULL),
	(12, 2, '11', NULL, 11, NULL, NULL),
	(13, 2, '12', NULL, 12, NULL, NULL),
	(14, 2, '13', NULL, 13, NULL, NULL),
	(15, 2, '14', NULL, 14, NULL, NULL),
	(16, 2, '15', NULL, 15, NULL, NULL),
	(17, 2, '16', NULL, 16, NULL, NULL),
	(18, 2, '17', NULL, 17, NULL, NULL),
	(19, 2, '18', NULL, 18, NULL, NULL),
	(20, 2, '19', NULL, 19, NULL, NULL),
	(21, 2, '20', NULL, 20, NULL, NULL),
	(22, 3, 'Demandas ', 'Relações com demandas: Aspectos relacionados à carga de trabalho, exigências, organização e ambiente de trabalho', 1, NULL, NULL),
	(23, 3, 'Controle', 'Relações com Controle: Possibilidade de opinar sobre mudanças nos processos e controlar o ritmo de trabalho', 1, NULL, NULL),
	(24, 3, 'Apoio do gestor', 'Relações com Apoio da Chefia: Apoio por parte dos superiores e os recursos fornecidos para resolver os problemas', 1, NULL, NULL),
	(25, 3, 'Apoio dos colegas', 'Relações com Apoio de colegas: Comunicação interpessoal adequada e respeito às diversidades entre os trabalhadores', 1, NULL, NULL),
	(26, 3, 'Relacionamentos', 'Relações com Relacionamentos: Aspectos relacionados à comportamentos interpessoais inaceitáveis, como assédio', 1, NULL, NULL),
	(27, 3, 'Papel', 'Relações com Cargo: Transparência nos critérios de promoção na carreira e reconhecimento', 1, NULL, NULL),
	(28, 3, 'Mudanças', 'Relações com Comunicação e Mudanças: Participação dos trabalhadores em mudanças', 1, NULL, NULL);

-- Copiando dados para a tabela mindra.formulario_perguntas: ~174 rows (aproximadamente)
INSERT INTO `formulario_perguntas` (`id`, `formulario_etapa_id`, `titulo`, `ordem`, `ind_consequencia`, `created_at`, `updated_at`) VALUES
	(5, 1, 'Tenho a capacidade de fazer as outras pessoas sentirem-se interessantes', 1, 1, NULL, NULL),
	(6, 1, 'Nunca estou demasiado ocupado/a para ajudar um amigo', 2, 1, NULL, NULL),
	(7, 1, 'Trato todas as pessoas do mesmo modo', 3, 1, NULL, NULL),
	(8, 1, 'Tenho sido amplamente abençoado/a na vida', 4, 1, NULL, NULL),
	(9, 1, 'As pessoas geralmente recorrem a mim para liderar um grupo', 5, 1, NULL, NULL),
	(10, 1, 'Sou sempre humilde perante as coisas boas que me têm acontecido', 6, 1, NULL, NULL),
	(11, 1, 'As pessoas descrevem-me como uma pessoa cheia de entusiasmo', 7, 1, NULL, NULL),
	(12, 1, 'Prefiro deixar as outras pessoas falarem de si próprias', 8, 1, NULL, NULL),
	(13, 1, 'Tento ter boas razões para as minhas decisões importantes', 9, 1, NULL, NULL),
	(14, 1, 'Sou muito bom/boa a liderar atividades de grupo', 10, 1, NULL, NULL),
	(15, 1, 'Sou uma pessoa corajosa', 11, 1, NULL, NULL),
	(16, 1, 'Apesar dos desafios mantenho-me sempre esperançoso/a acerca do futuro', 12, 1, NULL, NULL),
	(17, 1, 'Tenho imenso gosto em fazer pequenos favores aos meus amigos', 13, 1, NULL, NULL),
	(18, 1, 'Adoro aprender coisas novas', 14, 1, NULL, NULL),
	(19, 1, 'Nunca me distraio quando trabalho', 15, 1, NULL, NULL),
	(20, 1, 'Sou uma pessoa muito disciplinada', 16, 1, NULL, NULL),
	(21, 1, 'Já me disseram que a modéstia é uma das minhas características mais notáveis', 17, 1, NULL, NULL),
	(22, 1, 'Os meus amigos dizem que eu tenho imensas ideias novas e diferentes', 18, 1, NULL, NULL),
	(23, 1, 'Trato todas as pessoas por igual independentemente de quem sejam', 19, 1, NULL, NULL),
	(24, 1, 'Sei que vou ser bem-sucedido nos objetivos que traço para mim', 20, 1, NULL, NULL),
	(25, 1, 'Estou sempre disposto/a a dar a alguém uma oportunidade para fazer as pazes', 21, 1, NULL, NULL),
	(26, 1, 'Nunca desisto de uma tarefa antes de a terminar', 22, 1, NULL, NULL),
	(27, 1, 'Tomo decisões somente quando reúno todos os fatos', 23, 1, NULL, NULL),
	(28, 1, 'Sou um/a pensador/a original', 24, 1, NULL, NULL),
	(29, 1, 'Penso sempre antes de falar', 25, 1, NULL, NULL),
	(30, 1, 'Sou um/a verdadeiro/a eterno/a aprendiz', 26, 1, NULL, NULL),
	(31, 1, 'Nunca hesito em expressar publicamente uma opinião pouco popular', 27, 1, NULL, NULL),
	(32, 1, 'Estou sempre a criar novas formas de fazer as coisas', 28, 1, NULL, NULL),
	(33, 1, 'Digo sempre a verdade mesmo que isso signifique que irei ter problemas', 29, 1, NULL, NULL),
	(34, 1, 'Considero a minha vida extremamente interessante', 30, 1, NULL, NULL),
	(35, 1, 'Mesmo diante dos desafios e dificuldades não recuo dos meus projetos', 31, 1, NULL, NULL),
	(36, 1, 'Sou uma pessoa extremamente grata', 32, 1, NULL, NULL),
	(37, 1, 'Um dos meus pontos fortes é ajudar um grupo de pessoas a trabalhar bem juntas mesmo quando têm as suas diferenças', 33, 1, NULL, NULL),
	(38, 1, 'Mesmo que eu não goste de alguém eu trato-o/a de forma justa', 34, 1, NULL, NULL),
	(39, 1, 'Orgulho-me em ser original', 35, 1, NULL, NULL),
	(40, 1, 'Os outros consideram-me uma pessoa sábia', 36, 1, NULL, NULL),
	(41, 1, 'Sinto um enorme sentido de gratidão todos os dias', 37, 1, NULL, NULL),
	(42, 1, 'Sinto-me genuinamente entusiasmado/a pelo início de cada dia', 38, 1, NULL, NULL),
	(43, 1, 'Não quero ver ninguém sofrer nem mesmo o meu pior inimigo', 39, 1, NULL, NULL),
	(44, 1, 'Trabalho no meu melhor quando sou membro de um grupo', 40, 1, NULL, NULL),
	(45, 1, 'Consigo aceitar o amor das outras pessoas', 41, 1, NULL, NULL),
	(46, 1, 'A minha fé dita o que eu sou', 42, 1, NULL, NULL),
	(47, 1, 'Vejo beleza que passa despercebida às outras pessoas', 43, 1, NULL, NULL),
	(48, 1, 'Nunca me gabo das minhas conquistas', 44, 1, NULL, NULL),
	(49, 1, 'É importante para mim respeitar as decisões tomadas pelo meu grupo', 45, 1, NULL, NULL),
	(50, 1, 'As minhas convicções tornam a minha vida importante.', 47, 1, NULL, NULL),
	(51, 1, 'Tento sempre ajudar as pessoas que necessitam', 48, 1, NULL, NULL),
	(52, 1, 'Expresso frequentemente o meu amor pelos outros', 49, 1, NULL, NULL),
	(53, 1, 'Sem exceção apoio os meus colegas de equipe ou restantes membros do grupo', 50, 1, NULL, NULL),
	(54, 1, 'Acredito que é melhor perdoar e esquecer', 51, 1, NULL, NULL),
	(55, 1, 'Tenho um grande sentido de humor', 52, 1, NULL, NULL),
	(56, 1, 'Tomo sempre decisões ponderadas', 53, 1, NULL, NULL),
	(57, 1, 'É fácil para mim manter-me disciplinado/a', 54, 1, NULL, NULL),
	(58, 1, 'Faço sempre de tudo para participar em eventos educacionais', 55, 1, NULL, NULL),
	(59, 1, 'Eu nunca quero coisas que são más para mim a longo prazo mesmo que me façam sentir bem a curto prazo', 56, 1, NULL, NULL),
	(60, 1, 'Sou bom/boa a deduzir o que outras pessoas estão a sentir', 57, 1, NULL, NULL),
	(61, 1, 'Sou uma pessoa espiritual', 58, 1, NULL, NULL),
	(62, 1, 'Não cedo à tentação', 59, 1, NULL, NULL),
	(63, 1, 'Trato sempre as pessoas de forma justa quer goste delas ou não', 60, 1, NULL, NULL),
	(64, 1, 'Estou sempre curioso/a acerca do mundo', 61, 1, NULL, NULL),
	(65, 1, 'Experiencio fortes emoções perante coisas belas', 62, 1, NULL, NULL),
	(66, 1, 'Em momentos de dificuldades, penso sempre naquilo que tenho de bom na minha vida', 63, 1, NULL, NULL),
	(67, 1, 'Tenho um propósito na minha vida', 64, 1, NULL, NULL),
	(68, 1, 'Falo sempre em forma de protesto quando ouço alguém dizer coisas más', 65, 1, NULL, NULL),
	(69, 1, 'Acordo com uma sensação de entusiasmo ao pensar nas possibilidades desse dia', 66, 1, NULL, NULL),
	(70, 1, 'Estou sempre ciente da beleza natural que me rodeia', 67, 1, NULL, NULL),
	(71, 1, 'Nunca perco uma oportunidade para aprender algo novo', 68, 1, NULL, NULL),
	(72, 1, 'Tenho muita energia', 69, 1, NULL, NULL),
	(73, 1, 'Consigo sempre encontrar o lado positivo no que parece ser negativo para os outros', 70, 1, NULL, NULL),
	(74, 1, 'Termino sempre o que começo', 71, 1, NULL, NULL),
	(75, 1, 'Pode-se confiar nas minhas promessas', 72, 1, NULL, NULL),
	(76, 1, 'Termino as coisas independentemente dos obstáculos que possam surgir no caminho', 73, 1, NULL, NULL),
	(77, 1, 'Frequentemente tenho tomado posições face a fortes oposições', 74, 1, NULL, NULL),
	(78, 1, 'Tento adicionar um pouco de humor em tudo o que faço', 75, 1, NULL, NULL),
	(79, 1, 'Sei sempre o que dizer para fazer as pessoas sentirem-se bem', 76, 1, NULL, NULL),
	(80, 1, 'Os outros procuram-me para lhes dar conselhos', 77, 1, NULL, NULL),
	(81, 1, 'É importante para mim viver num mundo de beleza', 78, 1, NULL, NULL),
	(82, 1, 'Quando tomo uma decisão deixo que os fatos decidam', 79, 1, NULL, NULL),
	(83, 1, 'Os meus amigos acham-me sábio/a', 80, 1, NULL, NULL),
	(84, 1, 'Acredito que a honestidade é a base da confiança', 81, 1, NULL, NULL),
	(85, 1, 'Sinto-me interessado/a por muitas atividades diferentes', 82, 1, NULL, NULL),
	(86, 1, 'Gosto muito de fazer parte de um grupo', 83, 1, NULL, NULL),
	(87, 1, 'Se me sinto em baixo penso sempre naquilo que tenho de bom na minha vida', 84, 1, NULL, NULL),
	(88, 1, 'Sou curioso(a) em saber coisas novas', 85, 1, NULL, NULL),
	(89, 1, 'Examino sempre os dois lados de uma situação', 86, 1, NULL, NULL),
	(90, 1, 'Pelo menos uma vez por dia paro e aprecio o que tenho', 87, 1, NULL, NULL),
	(91, 1, 'Tenho muitos interesses', 88, 1, NULL, NULL),
	(92, 1, 'Os meus amigos dizem-me sempre que sou um/a líder forte mas justo/a', 89, 1, NULL, NULL),
	(93, 1, 'Consigo expressar o meu amor a outra pessoa', 90, 1, NULL, NULL),
	(94, 1, 'Sou uma pessoa muito cuidadosa', 91, 1, NULL, NULL),
	(95, 1, 'Penso nas consequências sempre antes de agir', 92, 1, NULL, NULL),
	(96, 1, 'Posso não o dizer aos outros mas considero-me uma pessoa sábia', 93, 1, NULL, NULL),
	(97, 1, 'Sou bom/boa a expressar o meu amor a outra pessoa', 94, 1, NULL, NULL),
	(98, 1, 'Raramente guardo rancor', 95, 1, NULL, NULL),
	(99, 2, 'Ambicioso', 1, 1, NULL, NULL),
	(100, 2, 'Animado', 2, 1, NULL, NULL),
	(101, 2, 'Amigável', 3, 1, NULL, NULL),
	(102, 2, 'Racional', 4, 1, NULL, NULL),
	(103, 3, 'Rápido', 1, 1, NULL, NULL),
	(104, 3, 'Percebe o quadro geral', 2, 1, NULL, NULL),
	(105, 3, 'Metódico', 3, 1, NULL, NULL),
	(106, 3, 'Obedece as regras', 4, 1, NULL, NULL),
	(107, 4, 'Criativo', 1, 1, NULL, NULL),
	(108, 4, 'Não orientado para detalhes', 2, 1, NULL, NULL),
	(109, 4, 'Construtor de confiança', 3, 1, NULL, NULL),
	(110, 4, 'Tradicional', 4, 1, NULL, NULL),
	(111, 5, 'Controlador', 1, 1, NULL, NULL),
	(112, 5, 'Enérgico', 2, 1, NULL, NULL),
	(113, 5, 'Empático', 3, 1, NULL, NULL),
	(114, 5, 'Gosta de privacidade', 4, 1, NULL, NULL),
	(115, 6, 'Corajoso', 1, 1, NULL, NULL),
	(116, 6, 'Inovador', 2, 1, NULL, NULL),
	(117, 6, 'Líder', 3, 1, NULL, NULL),
	(118, 6, 'Suave, tem tato', 4, 1, NULL, NULL),
	(119, 7, 'Orientado para resultado', 1, 1, NULL, NULL),
	(120, 7, 'Persuasivo', 2, 1, NULL, NULL),
	(121, 7, 'Mediador', 3, 1, NULL, NULL),
	(122, 7, 'Planeja com antecedência', 4, 1, NULL, NULL),
	(123, 8, 'Forte opinião', 1, 1, NULL, NULL),
	(124, 8, 'Espontâneo', 2, 1, NULL, NULL),
	(125, 8, 'Agradável', 3, 1, NULL, NULL),
	(126, 8, 'Alto nível de exigência', 4, 1, NULL, NULL),
	(127, 9, 'Decidido', 1, 1, NULL, NULL),
	(128, 9, 'Sociável', 2, 1, NULL, NULL),
	(129, 9, 'Esquiva-se de conflito', 3, 1, NULL, NULL),
	(130, 9, 'Considera as opções', 4, 1, NULL, NULL),
	(131, 10, 'Assume riscos', 1, 1, NULL, NULL),
	(132, 10, 'Bom comunicador', 2, 1, NULL, NULL),
	(133, 10, 'Cuidadoso', 3, 1, NULL, NULL),
	(134, 10, 'Cauteloso na ação', 4, 1, NULL, NULL),
	(135, 11, 'Competitivo', 1, 1, NULL, NULL),
	(136, 11, 'Simpático', 2, 1, NULL, NULL),
	(137, 11, 'Preocupa-se com os outros', 3, 1, NULL, NULL),
	(138, 11, 'Organizado', 4, 1, NULL, NULL),
	(139, 12, 'Influenciador', 1, 1, NULL, NULL),
	(140, 12, 'Alma da festa', 2, 1, NULL, NULL),
	(141, 12, 'Bem informado', 3, 1, NULL, NULL),
	(142, 12, 'Sistemático', 4, 1, NULL, NULL),
	(143, 13, 'Cheio de energia', 1, 1, NULL, NULL),
	(144, 13, 'Gosta de pessoas', 2, 1, NULL, NULL),
	(145, 13, 'Mentor', 3, 1, NULL, NULL),
	(146, 13, 'Idealista', 4, 1, NULL, NULL),
	(147, 14, 'Determinado', 1, 1, NULL, NULL),
	(148, 14, 'Confiante', 2, 1, NULL, NULL),
	(149, 14, 'Antecipa necessidades', 3, 1, NULL, NULL),
	(150, 14, 'Meticuloso', 4, 1, NULL, NULL),
	(151, 15, 'Toma a dianteira', 1, 1, NULL, NULL),
	(152, 15, 'Senso de humor', 2, 1, NULL, NULL),
	(153, 15, 'Compreensivo', 3, 1, NULL, NULL),
	(154, 15, 'Leal', 4, 1, NULL, NULL),
	(155, 16, 'Independente', 1, 1, NULL, NULL),
	(156, 16, 'Gosta de variedade', 2, 1, NULL, NULL),
	(157, 16, 'Paciente', 3, 1, NULL, NULL),
	(158, 16, 'Perfeccionista', 4, 1, NULL, NULL),
	(159, 17, 'Criador de alternativa', 1, 1, NULL, NULL),
	(160, 17, 'Charmoso', 2, 1, NULL, NULL),
	(161, 17, 'Fácil de lidar', 3, 1, NULL, NULL),
	(162, 17, 'Sabe se preservar', 4, 1, NULL, NULL),
	(163, 18, 'Facilmente entediado', 1, 1, NULL, NULL),
	(164, 18, 'Curioso', 2, 1, NULL, NULL),
	(165, 18, 'Reservado', 3, 1, NULL, NULL),
	(166, 18, 'Orientado para detalhes/ logística', 4, 1, NULL, NULL),
	(167, 19, 'Líderança', 1, 1, NULL, NULL),
	(168, 19, 'Diz a coisa certa', 2, 1, NULL, NULL),
	(169, 19, 'Positivo', 3, 1, NULL, NULL),
	(170, 19, 'Previsível', 4, 1, NULL, NULL),
	(171, 20, 'Assertivo', 1, 1, NULL, NULL),
	(172, 20, 'Impulsivo', 2, 1, NULL, NULL),
	(173, 20, 'Cooperativo', 3, 1, NULL, NULL),
	(174, 20, 'Escrupuloso (princípios morais)', 4, 1, NULL, NULL),
	(175, 21, 'Extrovertido', 1, 1, NULL, NULL),
	(176, 21, 'Ri facilmente', 2, 1, NULL, NULL),
	(177, 21, 'Objetivo', 3, 1, NULL, NULL),
	(178, 21, 'Ordeiro', 4, 1, NULL, NULL),
	(179, 27, 'Sei claramente o que é esperado de mim no trabalho.', 1, 3, NULL, NULL),
	(180, 27, 'Posso decidir quando fazer uma pausa.', 2, 2, NULL, NULL),
	(181, 22, 'No trabalho, diferentes grupos exigem de mim coisas difíceis de conciliar.', 3, 1, NULL, NULL),
	(182, 27, 'Sei como fazer para executar o meu trabalho.', 4, 2, NULL, NULL),
	(183, 26, 'Estou sujeito a assédio pessoal na forma de palavras ou comportamentos rudes.', 5, 5, NULL, NULL),
	(184, 22, 'Tenho prazos impossíveis de serem cumpridos.', 6, 3, NULL, NULL),
	(185, 25, 'Se o trabalho fica difícil, meus colegas me ajudam.', 7, 2, NULL, NULL),
	(186, 24, 'Recebo retorno sobre o trabalho que eu realizo.', 8, 1, NULL, NULL),
	(187, 22, 'Tenho que trabalhar muito intensamente.', 9, 1, NULL, NULL),
	(188, 23, 'Posso decidir sobre o meu ritmo de trabalho', 10, 2, NULL, NULL),
	(189, 27, 'Estou ciente de quais são os meus deveres e responsabilidades.', 11, 3, NULL, NULL),
	(190, 22, 'Preciso deixar de lado algumas tarefas porque tenho coisas demais para fazer.', 12, 3, NULL, NULL),
	(191, 27, 'Eu conheço as metas e objetivos do meu departamento.', 13, 3, NULL, NULL),
	(192, 26, 'Existe atrito ou animosidade entre os colegas de trabalho.', 14, 3, NULL, NULL),
	(193, 23, 'Posso escolher como fazer meu trabalho', 15, 1, NULL, NULL),
	(194, 22, 'Não consigo fazer pausas suficientes.', 16, 2, NULL, NULL),
	(195, 27, 'Compreendo como o meu trabalho se integra com os objetivos da organização.', 17, 2, NULL, NULL),
	(196, 22, 'Sou pressionado para trabalhar por longos períodos.', 18, 3, NULL, NULL),
	(197, 23, 'Posso escolher o que fazer no trabalho.', 19, 2, NULL, NULL),
	(198, 22, 'Tenho que trabalhar muito rápido.', 20, 1, NULL, NULL),
	(199, 26, 'Estou sujeito a constrangimentos no trabalho.', 21, 4, NULL, NULL),
	(200, 22, 'Sofro pressões de tempo absurdas.', 22, 3, NULL, NULL),
	(201, 24, 'Posso contar com a ajuda do meu chefe imediato para resolver problemas do trabalho.', 23, 2, NULL, NULL),
	(202, 25, 'Recebo a ajuda e o apoio necessário dos meus colegas.', 24, 2, NULL, NULL),
	(203, 23, 'Tenho algum poder de decisão sobre a minha maneira de trabalhar.', 25, 2, NULL, NULL),
	(204, 28, 'Tenho oportunidades suficientes para questionar as chefias sobre mudanças no trabalho.', 26, 3, NULL, NULL),
	(205, 25, 'Sou respeitado como eu mereço pelos meus colegas.', 27, 2, NULL, NULL),
	(206, 28, 'A equipe é sempre consultada sobre mudanças no trabalho.', 28, 2, NULL, NULL),
	(207, 24, 'Posso falar com o meu chefe imediato sobre algo que me incomodou no trabalho.', 29, 2, NULL, NULL),
	(208, 22, 'Meu horário de trabalho pode ser flexível.', 30, 2, NULL, NULL),
	(209, 25, 'Meus colegas estão dispostos a ouvir os meus problemas relacionados ao trabalho.', 31, 2, NULL, NULL),
	(210, 28, 'Quando ocorrem mudanças no trabalho, sou esclarecido de como elas funcionarão na prática.', 32, 3, NULL, NULL),
	(211, 25, 'Recebo apoio quando realizo trabalho que pode ser emocionalmente desgastante.', 33, 2, NULL, NULL),
	(212, 26, 'Os relacionamentos no trabalho são tensos.', 34, 3, NULL, NULL),
	(213, 24, 'Meu chefe imediato me motiva no trabalho.', 35, 2, NULL, NULL);




